optimizer,eval_step,train_loss_mean,train_loss_stderr,dev_loss_mean,dev_loss_stderr,iteration,iter_loss_mean,iter_loss_stderr,wall_time_mean
MILO,0.0,10.93909149169922,0.03710866690614197,10.968655776977538,0.016550791693319203,1,10.987594413757325,0.036448588608937085,0.06218476295471191
MILO,99.0,9.400656700134277,0.03986074564635937,10.171097564697266,0.018805272297913855,2,10.944657897949218,0.03310945696446528,0.35755138397216796
MILO,,,,,,3,10.893677139282227,0.05128689527418446,0.3715518951416016
MILO,,,,,,4,10.734148406982422,0.09480215856612074,0.38265385627746584
MILO,,,,,,5,10.802145195007324,0.033292625855717024,0.3944548606872559
MILO,,,,,,6,10.753836059570313,0.06022600844870786,0.4059708595275879
MILO,,,,,,7,10.656400299072265,0.0853747798598821,0.41767215728759766
MILO,,,,,,8,10.645943069458008,0.05362886944018797,0.4300743579864502
MILO,,,,,,9,10.67910385131836,0.07974134204430684,0.4433770179748535
MILO,,,,,,10,10.55805721282959,0.0613692850410711,0.45578947067260744
MILO,,,,,,11,10.600213813781739,0.05507602646132742,0.46781301498413086
MILO,,,,,,12,10.590803146362305,0.09989279190649676,0.4791149139404297
MILO,,,,,,13,10.450437545776367,0.11808123430710528,0.49211578369140624
MILO,,,,,,14,10.58699436187744,0.062282168161361846,0.5077161312103271
MILO,,,,,,15,10.516609001159669,0.05114066004021536,0.5210109710693359
MILO,,,,,,16,10.319937324523925,0.1572944902484754,0.5331124305725098
MILO,,,,,,17,10.315605354309081,0.12730287321333683,0.5449151992797852
MILO,,,,,,18,10.171222496032716,0.16487010960192358,0.5573229789733887
MILO,,,,,,19,10.625988388061524,0.04780713890860466,0.569448709487915
MILO,,,,,,20,10.255507850646973,0.033015558856394275,0.5814741611480713
MILO,,,,,,21,10.170414352416993,0.16415118894137376,0.5941251277923584
MILO,,,,,,22,10.495930862426757,0.11373859484488985,0.6053228855133057
MILO,,,,,,23,10.456915664672852,0.07203332724347462,0.6182257652282714
MILO,,,,,,24,10.083963203430176,0.08893219302217024,0.6307279109954834
MILO,,,,,,25,10.44161376953125,0.11389363137375416,0.6432297706604004
MILO,,,,,,26,10.0777006149292,0.136895550814341,0.6556467056274414
MILO,,,,,,27,10.348727416992187,0.019711436692613313,0.6670483112335205
MILO,,,,,,28,10.120551490783692,0.12205502437272155,0.6798488616943359
MILO,,,,,,29,10.019928169250488,0.07235363222517505,0.6913507461547852
MILO,,,,,,30,10.254727363586426,0.04508376552322336,0.7033143043518066
MILO,,,,,,31,10.164109039306641,0.12562088359342855,0.7152435779571533
MILO,,,,,,32,9.955374717712402,0.1478573232630545,0.7270498752593995
MILO,,,,,,33,10.15853042602539,0.19225505585727237,0.7389657974243165
MILO,,,,,,34,10.18184700012207,0.1045656483584545,0.751166296005249
MILO,,,,,,35,10.250178909301757,0.18644162048505464,0.7628711700439453
MILO,,,,,,36,9.854297256469726,0.09406365404288237,0.7748703002929688
MILO,,,,,,37,10.27784423828125,0.1539541292598941,0.7870885372161865
MILO,,,,,,38,10.078259658813476,0.17370446133230477,0.8016880989074707
MILO,,,,,,39,9.951193809509277,0.0885809751926135,0.8151904106140136
MILO,,,,,,40,10.328800010681153,0.060745211341931026,0.8271939754486084
MILO,,,,,,41,9.994184494018555,0.10884376056991601,0.8401994705200195
MILO,,,,,,42,9.859653854370118,0.16824603790287104,0.8519107818603515
MILO,,,,,,43,10.096700096130371,0.1321165087119135,0.8632125854492188
MILO,,,,,,44,10.013341331481934,0.11892127116405685,0.8750138282775879
MILO,,,,,,45,9.899546813964843,0.24344493178300822,0.8883150100708008
MILO,,,,,,46,10.373890113830566,0.11454242537488626,0.9021147727966309
MILO,,,,,,47,9.718289375305176,0.1325700971389497,0.9145166873931885
MILO,,,,,,48,9.733209609985352,0.13242880194448833,0.9268241882324219
MILO,,,,,,49,10.086893272399902,0.053747313395412416,0.9395273685455322
MILO,,,,,,50,9.658348274230956,0.2333056739643169,0.9515270233154297
MILO,,,,,,51,9.855497932434082,0.19830076592572624,0.9630280017852784
MILO,,,,,,52,10.03999195098877,0.1787036292380178,0.9744299411773681
MILO,,,,,,53,10.102348899841308,0.058397483863746956,0.9870295047760009
MILO,,,,,,54,9.968286895751953,0.06204818446141126,0.9985314846038819
MILO,,,,,,55,9.848331260681153,0.12933615491609626,1.010333204269409
MILO,,,,,,56,9.872274589538574,0.15332890820657852,1.02186918258667
MILO,,,,,,57,9.564292907714844,0.15640843169041285,1.033070182800293
MILO,,,,,,58,9.663780975341798,0.22166582331530857,1.0445722579956054
MILO,,,,,,59,9.806478118896484,0.22604373443565803,1.0563733100891113
MILO,,,,,,60,9.55686264038086,0.12649973393999922,1.0694755077362061
MILO,,,,,,61,9.780420875549316,0.23593794341777283,1.0811345100402832
MILO,,,,,,62,9.979865646362304,0.17345216984203116,1.0933367252349853
MILO,,,,,,63,9.690505599975586,0.07499158277828742,1.1065092086791992
MILO,,,,,,64,9.79433708190918,0.2318006675493343,1.1180071830749512
MILO,,,,,,65,9.687667083740234,0.2978430488267402,1.1298309326171876
MILO,,,,,,66,9.741729927062988,0.1766213729824461,1.1416921138763427
MILO,,,,,,67,9.650707054138184,0.19760485058455352,1.1536115646362304
MILO,,,,,,68,9.787283134460449,0.1037395240286591,1.1646122455596923
MILO,,,,,,69,9.384422111511231,0.11820066855051665,1.178115177154541
MILO,,,,,,70,10.09089012145996,0.1404659806987735,1.1905288696289062
MILO,,,,,,71,9.648537254333496,0.2001658929728409,1.203730535507202
MILO,,,,,,72,9.808343696594239,0.12483213172578314,1.2148315906524658
MILO,,,,,,73,9.903748703002929,0.17637572132292026,1.2263469219207763
MILO,,,,,,74,9.654922103881836,0.3256056307647275,1.2388505935668945
MILO,,,,,,75,9.731196403503418,0.1967288892741284,1.2497659206390381
MILO,,,,,,76,10.007585716247558,0.06106572723064632,1.2620652675628663
MILO,,,,,,77,9.756509590148926,0.1464160657319523,1.2741692543029786
MILO,,,,,,78,9.310478019714356,0.2546705431775626,1.2869696140289306
MILO,,,,,,79,9.486386489868163,0.21189084736196484,1.2989752292633057
MILO,,,,,,80,9.530720901489257,0.20031476809955906,1.3119752407073975
MILO,,,,,,81,9.477156066894532,0.2007040416233702,1.323775577545166
MILO,,,,,,82,9.696763801574708,0.14421654137786716,1.3364779472351074
MILO,,,,,,83,9.582422256469727,0.1843071102798444,1.3480793952941894
MILO,,,,,,84,9.676141929626464,0.15736415050649527,1.3603807449340821
MILO,,,,,,85,9.583420181274414,0.228333615577831,1.3729811668395997
MILO,,,,,,86,9.278771209716798,0.1960956953553853,1.3857869625091552
MILO,,,,,,87,9.36561985015869,0.34761846075700364,1.3978899002075196
MILO,,,,,,88,9.889486503601074,0.14042262276814263,1.4106890678405761
MILO,,,,,,89,9.346335411071777,0.2208514962739991,1.4228909969329835
MILO,,,,,,90,9.705096626281739,0.1370372074375556,1.4347930431365967
MILO,,,,,,91,9.275010681152343,0.1418887566565608,1.44539213180542
MILO,,,,,,92,9.2379940032959,0.2875341928364997,1.457094144821167
MILO,,,,,,93,9.689249610900879,0.17032241893411096,1.4680970191955567
MILO,,,,,,94,9.564664840698242,0.3266375938000517,1.4809006214141847
MILO,,,,,,95,9.599867630004884,0.13095322577577695,1.4934023857116698
MILO,,,,,,96,9.055841636657714,0.29220475437810073,1.5056020736694335
MILO,,,,,,97,9.498426055908203,0.2785305849230408,1.5163711071014405
MILO,,,,,,98,9.518676376342773,0.20778967372861262,1.5276727676391602
MILO,,,,,,99,9.77479190826416,0.15327385952250955,1.5393586158752441
MILO,,,,,,100,9.348498916625976,0.12946287530438655,1.5506987571716309
MILO_LW,0.0,10.919899940490723,0.01176183102242895,10.963191413879395,0.005424444434400066,1,10.997233009338379,0.013369447207379499,0.006101036071777343
MILO_LW,99.0,8.872618675231934,0.047283367233522104,9.666332244873047,0.026690493485641623,2,10.892106246948241,0.015389957675605236,0.2654222011566162
MILO_LW,,,,,,3,10.863675308227538,0.0238082553141696,0.28018784523010254
MILO_LW,,,,,,4,10.788116073608398,0.05444414946398159,0.29492917060852053
MILO_LW,,,,,,5,10.75958709716797,0.028693363521159806,0.31003332138061523
MILO_LW,,,,,,6,10.74574966430664,0.014521410652445211,0.3257334232330322
MILO_LW,,,,,,7,10.632806777954102,0.06286457126467503,0.34093532562255857
MILO_LW,,,,,,8,10.6003999710083,0.06692951962020875,0.359158992767334
MILO_LW,,,,,,9,10.656282424926758,0.0718284892837291,0.3748624324798584
MILO_LW,,,,,,10,10.594293594360352,0.04529094306349935,0.3900632858276367
MILO_LW,,,,,,11,10.46430263519287,0.0857858933249675,0.4059450626373291
MILO_LW,,,,,,12,10.455892181396484,0.059412745335219175,0.42258481979370116
MILO_LW,,,,,,13,10.43757266998291,0.10410906088475175,0.4383223056793213
MILO_LW,,,,,,14,10.336135864257812,0.10469238296328381,0.45384860038757324
MILO_LW,,,,,,15,10.453204917907716,0.09032051894144308,0.4695561408996582
MILO_LW,,,,,,16,10.243548774719239,0.17357010205563553,0.4849579334259033
MILO_LW,,,,,,17,10.330280685424805,0.06961555943995414,0.4991758346557617
MILO_LW,,,,,,18,10.230105590820312,0.05646138912188208,0.5139760494232177
MILO_LW,,,,,,19,10.11950397491455,0.13587952836238504,0.5302792549133301
MILO_LW,,,,,,20,10.105582427978515,0.07765422410080161,0.5456796646118164
MILO_LW,,,,,,21,10.078964996337891,0.09510288014549739,0.562587833404541
MILO_LW,,,,,,22,10.450200271606445,0.06381182803706563,0.578011417388916
MILO_LW,,,,,,23,9.982786178588867,0.19188000538593106,0.5934192180633545
MILO_LW,,,,,,24,10.106553840637208,0.11804078960416343,0.6085886478424072
MILO_LW,,,,,,25,10.213208389282226,0.09826963175757421,0.6243084907531739
MILO_LW,,,,,,26,10.199027633666992,0.08353180779628076,0.6397099018096923
MILO_LW,,,,,,27,10.032057952880859,0.0322719421693756,0.655712080001831
MILO_LW,,,,,,28,9.893490028381347,0.1507041453862246,0.6710324287414551
MILO_LW,,,,,,29,10.283525085449218,0.08708341006856658,0.6858170509338379
MILO_LW,,,,,,30,9.793379402160644,0.14079001173269257,0.701418685913086
MILO_LW,,,,,,31,9.951464462280274,0.17122567255727753,0.716521167755127
MILO_LW,,,,,,32,9.870100212097167,0.019975138674230605,0.7319356441497803
MILO_LW,,,,,,33,10.0314546585083,0.1923093634837417,0.747252368927002
MILO_LW,,,,,,34,9.929558181762696,0.06706772856453146,0.7657734394073487
MILO_LW,,,,,,35,9.614448928833008,0.1261426385719145,0.7804725170135498
MILO_LW,,,,,,36,9.957116508483887,0.0682841833071478,0.7952723503112793
MILO_LW,,,,,,37,9.710115051269531,0.2785888664620429,0.8101765155792237
MILO_LW,,,,,,38,9.84017391204834,0.13313892657980517,0.82547926902771
MILO_LW,,,,,,39,9.43520736694336,0.13757636962115,0.8418806076049805
MILO_LW,,,,,,40,9.66271514892578,0.20317208193801076,0.8570396423339843
MILO_LW,,,,,,41,9.901662826538086,0.10692888136588931,0.8722392082214355
MILO_LW,,,,,,42,9.68680419921875,0.19973070851777056,0.8877429008483887
MILO_LW,,,,,,43,9.689352989196777,0.15964381638804592,0.9047426700592041
MILO_LW,,,,,,44,9.904767417907715,0.11245108938206375,0.9214460372924804
MILO_LW,,,,,,45,9.522698593139648,0.11735732381409074,0.9380048751831055
MILO_LW,,,,,,46,9.47529411315918,0.12829760084459818,0.9556068897247314
MILO_LW,,,,,,47,9.673875045776366,0.07479607218515522,0.9707105159759521
MILO_LW,,,,,,48,9.640209579467774,0.11387354898603722,0.988413143157959
MILO_LW,,,,,,49,9.518785667419433,0.2910909132176475,1.0044137001037599
MILO_LW,,,,,,50,9.595247650146485,0.1257097526811041,1.0213154315948487
MILO_LW,,,,,,51,9.410499000549317,0.19705286540581032,1.037060546875
MILO_LW,,,,,,52,9.756855010986328,0.13930000266808035,1.0547968387603759
MILO_LW,,,,,,53,9.615712547302246,0.11850438898124124,1.071720838546753
MILO_LW,,,,,,54,9.293424034118653,0.20766498001914863,1.0904237747192382
MILO_LW,,,,,,55,9.1821720123291,0.31328010819370217,1.1064239978790282
MILO_LW,,,,,,56,9.517992973327637,0.17152641942725663,1.1213290691375732
MILO_LW,,,,,,57,9.439046859741211,0.27509662517896094,1.1367733001708984
MILO_LW,,,,,,58,9.463509368896485,0.2080618286734789,1.1516757011413574
MILO_LW,,,,,,59,9.474807929992675,0.13577144866250776,1.1668757915496826
MILO_LW,,,,,,60,9.477009963989257,0.07217359455507025,1.1821793079376222
MILO_LW,,,,,,61,9.264875030517578,0.3299790514662267,1.1979509830474853
MILO_LW,,,,,,62,9.685017967224121,0.1445374102845263,1.2153016567230224
MILO_LW,,,,,,63,9.20620517730713,0.12833171351789371,1.2321683883666992
MILO_LW,,,,,,64,9.275790977478028,0.24057541619189388,1.248870277404785
MILO_LW,,,,,,65,9.542178916931153,0.18201669699767878,1.2645738124847412
MILO_LW,,,,,,66,9.17414665222168,0.04953751242563312,1.279587984085083
MILO_LW,,,,,,67,9.352006149291991,0.22626591153017153,1.2949875831604003
MILO_LW,,,,,,68,9.262290573120117,0.1765915489238299,1.311189603805542
MILO_LW,,,,,,69,9.290009117126464,0.12503682999688648,1.3260915279388428
MILO_LW,,,,,,70,9.15729923248291,0.17715639967551222,1.3414996147155762
MILO_LW,,,,,,71,8.950789642333984,0.2967963302950984,1.3571883678436278
MILO_LW,,,,,,72,9.049947929382324,0.22801998901417656,1.3767034530639648
MILO_LW,,,,,,73,9.552194404602051,0.1940713698540803,1.3917034149169922
MILO_LW,,,,,,74,9.066215133666992,0.1856742432538797,1.4068307876586914
MILO_LW,,,,,,75,9.330342483520507,0.1770772939200678,1.4211096286773681
MILO_LW,,,,,,76,9.239052772521973,0.18944087281224423,1.437010908126831
MILO_LW,,,,,,77,9.506219100952148,0.14966931543970946,1.452557373046875
MILO_LW,,,,,,78,9.284416198730469,0.09053357708455272,1.4672687530517579
MILO_LW,,,,,,79,9.575947952270507,0.1937252128480075,1.4826869010925292
MILO_LW,,,,,,80,8.89231014251709,0.20847569448184192,1.4998879909515381
MILO_LW,,,,,,81,8.860308837890624,0.3634042493897931,1.516257381439209
MILO_LW,,,,,,82,9.111985778808593,0.254314660553766,1.5324625015258788
MILO_LW,,,,,,83,8.89809284210205,0.2273210953138184,1.5470667839050294
MILO_LW,,,,,,84,9.189739608764649,0.09391619779663989,1.5621707439422607
MILO_LW,,,,,,85,8.485085105895996,0.2501312137075648,1.5780725002288818
MILO_LW,,,,,,86,8.948976707458495,0.20006063240705255,1.5927838802337646
MILO_LW,,,,,,87,9.259119987487793,0.14950961162214563,1.6080870151519775
MILO_LW,,,,,,88,9.028198051452637,0.22675560183993704,1.6226880550384521
MILO_LW,,,,,,89,9.24520435333252,0.3162172229530991,1.637390422821045
MILO_LW,,,,,,90,8.807037734985352,0.108444078185092,1.652607011795044
MILO_LW,,,,,,91,9.098657608032227,0.23081673317151163,1.6683085918426515
MILO_LW,,,,,,92,9.099936485290527,0.3234057662631187,1.6830100059509276
MILO_LW,,,,,,93,9.131938171386718,0.1708918120952798,1.698811674118042
MILO_LW,,,,,,94,9.130535125732422,0.1794419285263459,1.7129143714904784
MILO_LW,,,,,,95,8.776592636108399,0.17171674731604386,1.7281145095825194
MILO_LW,,,,,,96,9.035299491882324,0.22754460446572972,1.7435554027557374
MILO_LW,,,,,,97,8.637966346740722,0.2632103031751502,1.7589573383331298
MILO_LW,,,,,,98,8.776562213897705,0.27825210285438523,1.774156665802002
MILO_LW,,,,,,99,8.930134582519532,0.15557008838400505,1.7886577129364014
MILO_LW,,,,,,100,9.071899604797363,0.3005705787984044,1.8060580730438232
SGD,0.0,11.007362174987794,0.0440071394992291,11.003203773498536,0.01738255479715693,1,11.00101089477539,0.042153159578392344,0.006200551986694336
SGD,99.0,8.872846984863282,0.09884094848158786,10.181720542907716,0.0335071585439683,2,10.95556812286377,0.03858998360760187,0.26119704246520997
SGD,,,,,,3,11.01796646118164,0.044740278200528914,0.2689970016479492
SGD,,,,,,4,10.965525054931641,0.036199245148525426,0.27710628509521484
SGD,,,,,,5,10.976691436767577,0.038768012596188554,0.2841053009033203
SGD,,,,,,6,10.971674919128418,0.025092875757322417,0.29160618782043457
SGD,,,,,,7,10.976276779174805,0.057603255005655656,0.2994062900543213
SGD,,,,,,8,10.913956642150879,0.06502580823289122,0.3074066162109375
SGD,,,,,,9,10.934018516540528,0.056517728069050546,0.31500630378723143
SGD,,,,,,10,10.914318084716797,0.0509588892676454,0.3242023468017578
SGD,,,,,,11,10.928850555419922,0.08042973324401888,0.3324738025665283
SGD,,,,,,12,10.869685935974122,0.02378672522472686,0.340222692489624
SGD,,,,,,13,10.870135498046874,0.0530946461972891,0.34855022430419924
SGD,,,,,,14,10.896335029602051,0.07365324806262971,0.3565507888793945
SGD,,,,,,15,10.747592163085937,0.09006685617834319,0.36409988403320315
SGD,,,,,,16,10.911564254760743,0.051525130764809496,0.3719929695129395
SGD,,,,,,17,10.81175708770752,0.05287764487874731,0.3802650928497314
SGD,,,,,,18,10.77787971496582,0.07070012180424921,0.3885387420654297
SGD,,,,,,19,10.726988220214844,0.12121497669603487,0.39633998870849607
SGD,,,,,,20,10.766071319580078,0.06713527543569325,0.4047391414642334
SGD,,,,,,21,10.759148979187012,0.057845696249971004,0.41265459060668946
SGD,,,,,,22,10.732619667053223,0.06170482217021695,0.42085585594177244
SGD,,,,,,23,10.710961723327637,0.07031424492740018,0.4289559841156006
SGD,,,,,,24,10.607399177551269,0.07249116108335212,0.43675780296325684
SGD,,,,,,25,10.746880912780762,0.05978197725948214,0.44435858726501465
SGD,,,,,,26,10.54633903503418,0.09853835382079792,0.45197348594665526
SGD,,,,,,27,10.65466022491455,0.07923947678455862,0.4599753856658936
SGD,,,,,,28,10.586293411254882,0.08678607426911324,0.46817450523376464
SGD,,,,,,29,10.561086463928223,0.09368743751271891,0.47584924697875974
SGD,,,,,,30,10.549186515808106,0.09211462826947216,0.48365073204040526
SGD,,,,,,31,10.516296768188477,0.11759810053674809,0.49105181694030764
SGD,,,,,,32,10.470606803894043,0.10369932279233794,0.49895501136779785
SGD,,,,,,33,10.38093090057373,0.18844085159732624,0.506753396987915
SGD,,,,,,34,10.431627655029297,0.15887012911644757,0.5140664100646972
SGD,,,,,,35,10.154073333740234,0.10666199028862036,0.5224658489227295
SGD,,,,,,36,10.445720863342284,0.05477725725060582,0.5313672542572021
SGD,,,,,,37,10.115576362609863,0.2418893670800953,0.5393669605255127
SGD,,,,,,38,10.335639953613281,0.09970321507350764,0.5475826740264893
SGD,,,,,,39,10.346376037597656,0.12119348427734096,0.5549817562103272
SGD,,,,,,40,10.41582202911377,0.15513902386983452,0.5635829448699952
SGD,,,,,,41,10.510551071166992,0.08897729877866706,0.5716879367828369
SGD,,,,,,42,10.277313613891602,0.1325648581630729,0.579789686203003
SGD,,,,,,43,10.187258529663087,0.17742720083566094,0.5883882999420166
SGD,,,,,,44,10.215472793579101,0.14271200460228317,0.5959897518157959
SGD,,,,,,45,9.913010787963866,0.21229688455536444,0.6040913105010987
SGD,,,,,,46,10.048256111145019,0.17250833353530406,0.6134929180145263
SGD,,,,,,47,10.491875457763673,0.14143578926232958,0.622394323348999
SGD,,,,,,48,10.389742469787597,0.09714500983157826,0.6301950931549072
SGD,,,,,,49,10.008866691589356,0.15908028651789533,0.6381954669952392
SGD,,,,,,50,10.350322723388672,0.20826739436087874,0.64659423828125
SGD,,,,,,51,10.188523483276366,0.1878241417515325,0.6548667907714844
SGD,,,,,,52,10.158415985107421,0.054464774208296804,0.6626687049865723
SGD,,,,,,53,9.615194702148438,0.18825655601993543,0.6711698532104492
SGD,,,,,,54,9.72141227722168,0.18655432181425255,0.6800723075866699
SGD,,,,,,55,10.111255264282226,0.16356492861224875,0.6880715370178223
SGD,,,,,,56,10.179392623901368,0.12001867594436721,0.6954753875732422
SGD,,,,,,57,9.713165283203125,0.0543242773341799,0.7032755851745606
SGD,,,,,,58,9.657946968078614,0.1214589658223774,0.7110953330993652
SGD,,,,,,59,9.557894134521485,0.17320319839918424,0.7195681095123291
SGD,,,,,,60,9.796403312683106,0.23116543439215392,0.7275680541992188
SGD,,,,,,61,9.986820220947266,0.09761266294491158,0.7353473663330078
SGD,,,,,,62,9.669218063354492,0.16937092167883808,0.7428170204162597
SGD,,,,,,63,10.243347358703613,0.16843646056747733,0.7505608081817627
SGD,,,,,,64,9.856189727783203,0.22069184124256847,0.758876895904541
SGD,,,,,,65,9.44554386138916,0.27835948702034546,0.7671474933624267
SGD,,,,,,66,9.426289176940918,0.17021093602087078,0.7761463165283203
SGD,,,,,,67,9.940524482727051,0.14134681987992903,0.7834494113922119
SGD,,,,,,68,9.837191963195801,0.21257902656032354,0.7906506061553955
SGD,,,,,,69,9.334293174743653,0.2160475457259437,0.7988520622253418
SGD,,,,,,70,9.734114074707032,0.19066191991385975,0.8073526859283447
SGD,,,,,,71,9.88636360168457,0.23246640327952373,0.8155822277069091
SGD,,,,,,72,9.88840103149414,0.17603774112479056,0.8234843254089356
SGD,,,,,,73,9.684049606323242,0.1949735225379117,0.8312845230102539
SGD,,,,,,74,9.49112434387207,0.19273076140533033,0.8392863750457764
SGD,,,,,,75,9.648603439331055,0.26701866806653035,0.8468870639801025
SGD,,,,,,76,9.796663856506347,0.305738941577472,0.8547873497009277
SGD,,,,,,77,9.499307441711426,0.19831609470163652,0.8630899906158447
SGD,,,,,,78,9.145145034790039,0.42126404030600045,0.8710031986236573
SGD,,,,,,79,9.569854545593262,0.29415639320756604,0.879619026184082
SGD,,,,,,80,8.790766143798828,0.5738882579097773,0.8876134872436523
SGD,,,,,,81,8.846095085144043,0.18380575450832684,0.8954211235046386
SGD,,,,,,82,9.313770866394043,0.18839381971446248,0.9024229049682617
SGD,,,,,,83,8.977559852600098,0.2206917628158104,0.9100222110748291
SGD,,,,,,84,9.85958194732666,0.13015330145621637,0.9189236164093018
SGD,,,,,,85,9.34674072265625,0.41160542686042667,0.9277225017547608
SGD,,,,,,86,9.037153911590575,0.4766096126628191,0.9355231285095215
SGD,,,,,,87,9.448884201049804,0.18051193163512408,0.942726469039917
SGD,,,,,,88,9.424822044372558,0.18943926983216142,0.9507249355316162
SGD,,,,,,89,8.544561004638672,0.27374171822140153,0.958629560470581
SGD,,,,,,90,8.441149616241455,0.43406392518602294,0.9671300888061524
SGD,,,,,,91,9.456443977355956,0.17652372022504625,0.9755326747894287
SGD,,,,,,92,9.273200225830077,0.21759340662131593,0.983132791519165
SGD,,,,,,93,8.772922992706299,0.47166902651388787,0.991274070739746
SGD,,,,,,94,9.450276565551757,0.4533425150563773,0.998875617980957
SGD,,,,,,95,9.07756872177124,0.43621602735559983,1.007075595855713
SGD,,,,,,96,9.400788307189941,0.28259321967124723,1.014777946472168
SGD,,,,,,97,8.922095203399659,0.5452876223245566,1.0221786499023438
SGD,,,,,,98,9.42752285003662,0.3434274017051885,1.0291792392730712
SGD,,,,,,99,9.071512794494629,0.2911130004012911,1.037177848815918
SGD,,,,,,100,9.941864967346191,0.25523367380548356,1.0453787326812745
ADAMW,0.0,10.905154609680176,0.05927307105480034,10.95627212524414,0.020625690042605192,1,10.996838188171386,0.0641994689915984,0.006203126907348633
ADAMW,99.0,6.343909072875976,0.05740487814816616,7.595278930664063,0.044168534166726205,2,10.934624099731446,0.055757769605803004,0.2555732250213623
ADAMW,,,,,,3,10.841181373596191,0.050447537733623586,0.26317391395568845
ADAMW,,,,,,4,10.697014999389648,0.07496435392086091,0.27077326774597166
ADAMW,,,,,,5,10.578050804138183,0.12568759443634128,0.27837386131286623
ADAMW,,,,,,6,10.705566215515137,0.042864067434887985,0.2862851142883301
ADAMW,,,,,,7,10.61938934326172,0.08112192805552683,0.29468498229980467
ADAMW,,,,,,8,10.4305025100708,0.18573222098670322,0.30298967361450196
ADAMW,,,,,,9,10.383603477478028,0.13237744757305342,0.3112978458404541
ADAMW,,,,,,10,10.128286361694336,0.16508586375581863,0.3190010547637939
ADAMW,,,,,,11,10.219531631469726,0.18706679396594417,0.32720112800598145
ADAMW,,,,,,12,9.944287109375,0.09289802078685637,0.33520169258117677
ADAMW,,,,,,13,9.874490547180176,0.21683284322164756,0.34311704635620116
ADAMW,,,,,,14,10.206641578674317,0.050979917059641076,0.3511198043823242
ADAMW,,,,,,15,9.75208568572998,0.06940767101580145,0.35915913581848147
ADAMW,,,,,,16,9.687422180175782,0.17895910469619802,0.36775689125061034
ADAMW,,,,,,17,10.018786239624024,0.07904395877236552,0.3751582145690918
ADAMW,,,,,,18,9.73660659790039,0.08079389554103354,0.3835582733154297
ADAMW,,,,,,19,9.470672416687012,0.17125433503976364,0.39195899963378905
ADAMW,,,,,,20,9.430152893066406,0.14844043841397572,0.3997623920440674
ADAMW,,,,,,21,9.355963325500488,0.07413955052640009,0.4075654983520508
ADAMW,,,,,,22,9.610297393798827,0.10712339486737456,0.41557016372680666
ADAMW,,,,,,23,9.3092529296875,0.12745155854666732,0.4233701705932617
ADAMW,,,,,,24,8.788442802429199,0.14684544390895943,0.4313695430755615
ADAMW,,,,,,25,9.236053657531738,0.16576340041061166,0.43937158584594727
ADAMW,,,,,,26,8.58554449081421,0.2985821576531922,0.4476424217224121
ADAMW,,,,,,27,9.184638404846192,0.13460296951423648,0.4556432247161865
ADAMW,,,,,,28,8.866727256774903,0.11470754800460152,0.4644425392150879
ADAMW,,,,,,29,8.774681282043456,0.18967544594325608,0.472243070602417
ADAMW,,,,,,30,8.901218223571778,0.15855861702437346,0.4802426815032959
ADAMW,,,,,,31,8.42590970993042,0.41684447724557133,0.48844161033630373
ADAMW,,,,,,32,8.290433788299561,0.33013666942672515,0.4970445156097412
ADAMW,,,,,,33,8.58093318939209,0.22852760492499172,0.5051470279693604
ADAMW,,,,,,34,8.061190223693847,0.27585107881563203,0.5135512351989746
ADAMW,,,,,,35,7.943498039245606,0.18438848219740428,0.5220550060272217
ADAMW,,,,,,36,8.141413593292237,0.3446269839499914,0.5310544967651367
ADAMW,,,,,,37,8.385596561431885,0.13641046056535555,0.5393576145172119
ADAMW,,,,,,38,8.043547916412354,0.27187268332380693,0.5479575157165527
ADAMW,,,,,,39,7.9325614929199215,0.11791851931887921,0.55595703125
ADAMW,,,,,,40,8.365166187286377,0.408835616641325,0.5641578674316406
ADAMW,,,,,,41,8.111216068267822,0.2403300430773527,0.5721563816070556
ADAMW,,,,,,42,7.992449378967285,0.27656374819892265,0.5801575660705567
ADAMW,,,,,,43,7.950659275054932,0.31629371841180887,0.5885572910308838
ADAMW,,,,,,44,7.992275619506836,0.22811257053770784,0.5967584133148194
ADAMW,,,,,,45,7.632318592071533,0.2953574482022925,0.6049599647521973
ADAMW,,,,,,46,7.583092594146729,0.39002873856542825,0.6131025314331054
ADAMW,,,,,,47,7.239679527282715,0.2923303086354748,0.6211090564727784
ADAMW,,,,,,48,6.814257717132568,0.319488211168419,0.6303652286529541
ADAMW,,,,,,49,7.142838478088379,0.13179159087872389,0.6394989490509033
ADAMW,,,,,,50,7.370523738861084,0.15890819250819135,0.6478176116943359
ADAMW,,,,,,51,6.816928195953369,0.12388865103892098,0.6558061599731445
ADAMW,,,,,,52,6.683075618743897,0.2674317670593163,0.6635517120361328
ADAMW,,,,,,53,7.13963623046875,0.3037084114993793,0.672351884841919
ADAMW,,,,,,54,7.294080638885498,0.24709289500480733,0.6811520099639893
ADAMW,,,,,,55,7.546460819244385,0.20257167513053295,0.6889541149139404
ADAMW,,,,,,56,6.840691757202149,0.39480569739658433,0.6971542358398437
ADAMW,,,,,,57,6.604244899749756,0.3269438226695145,0.7061739444732666
ADAMW,,,,,,58,7.075575923919677,0.23386705627801554,0.7140741348266602
ADAMW,,,,,,59,6.603293800354004,0.5420882446148608,0.7221147060394287
ADAMW,,,,,,60,6.817722606658935,0.22387209440293193,0.7301145553588867
ADAMW,,,,,,61,6.145761966705322,0.3756543538832021,0.7376162052154541
ADAMW,,,,,,62,7.0606128692626955,0.3996181888708345,0.7460151672363281
ADAMW,,,,,,63,6.991926574707032,0.3853595106924413,0.7538163185119628
ADAMW,,,,,,64,6.551993465423584,0.18346400421078704,0.7620158195495605
ADAMW,,,,,,65,6.357936954498291,0.28130764211954107,0.7701287746429444
ADAMW,,,,,,66,7.007676029205323,0.2216229517685325,0.7783275127410889
ADAMW,,,,,,67,6.004782104492188,0.4682285029939426,0.7866407871246338
ADAMW,,,,,,68,6.988305950164795,0.1570403622577791,0.7950431823730468
ADAMW,,,,,,69,6.2397784233093265,0.0864225525039917,0.8028459072113037
ADAMW,,,,,,70,6.479988479614258,0.13455493162696724,0.8118715286254883
ADAMW,,,,,,71,7.055213260650635,0.13710964704599266,0.8198986530303956
ADAMW,,,,,,72,6.554304885864258,0.2543796221143432,0.8282972812652588
ADAMW,,,,,,73,6.011217403411865,0.19911143916243262,0.8367825031280518
ADAMW,,,,,,74,6.684870910644531,0.29353816708125496,0.8453828811645507
ADAMW,,,,,,75,6.718124771118164,0.2678589353365903,0.8531833171844483
ADAMW,,,,,,76,6.175735092163086,0.3110086976130393,0.8615831851959228
ADAMW,,,,,,77,6.593024063110351,0.2577176053020287,0.8703834056854248
ADAMW,,,,,,78,6.510011386871338,0.15842265770000802,0.8787827014923095
ADAMW,,,,,,79,6.351176452636719,0.2319077078331271,0.8871854782104492
ADAMW,,,,,,80,6.327925205230713,0.1851671152164112,0.8955858230590821
ADAMW,,,,,,81,5.90830364227295,0.42553761723158445,0.9040879249572754
ADAMW,,,,,,82,6.835074138641358,0.12647311995237565,0.9130882740020752
ADAMW,,,,,,83,6.8936285972595215,0.43528366457494855,0.9216939449310303
ADAMW,,,,,,84,6.127027988433838,0.29232208287255773,0.9304063796997071
ADAMW,,,,,,85,6.311969661712647,0.262150052703673,0.9398060798645019
ADAMW,,,,,,86,6.297536754608155,0.3825921535250962,0.9488056659698486
ADAMW,,,,,,87,6.199324226379394,0.3040897697760922,0.957606840133667
ADAMW,,,,,,88,6.995084571838379,0.08519820009225887,0.9664070129394531
ADAMW,,,,,,89,6.3718009948730465,0.14959655589183876,0.9754064083099365
ADAMW,,,,,,90,6.721840476989746,0.1559617386083007,0.9842068195343018
ADAMW,,,,,,91,6.093483543395996,0.35169985447232294,0.9927082061767578
ADAMW,,,,,,92,6.691331291198731,0.3010763121667476,1.001308059692383
ADAMW,,,,,,93,5.771860218048095,0.39942091602217616,1.0097124576568604
ADAMW,,,,,,94,5.2113697052001955,0.3951306128785284,1.0181120395660401
ADAMW,,,,,,95,6.189802074432373,0.43000890502281763,1.0269505023956298
ADAMW,,,,,,96,6.414640712738037,0.20218092760012726,1.0358517646789551
ADAMW,,,,,,97,6.269360542297363,0.3222804799618805,1.044453001022339
ADAMW,,,,,,98,6.335346031188965,0.28999262994958824,1.0526527404785155
ADAMW,,,,,,99,5.669935989379883,0.19636956351795665,1.0612536907196044
ADAMW,,,,,,100,6.436489009857178,0.2049884073048824,1.0690518379211427
ADAGRAD,0.0,10.201730155944825,0.034956945299472054,10.62888469696045,0.0211046790651835,1,10.94510726928711,0.012808111980231416,0.005801248550415039
ADAGRAD,99.0,6.157711029052734,0.024965287219194776,7.5118204116821286,0.024562022382394015,2,10.263687324523925,0.06894444071925449,0.26433305740356444
ADAGRAD,,,,,,3,9.673218727111816,0.13708435760580343,0.27193222045898435
ADAGRAD,,,,,,4,8.931517124176025,0.31713634927888107,0.2791594982147217
ADAGRAD,,,,,,5,8.95459508895874,0.3818106894420651,0.2871598720550537
ADAGRAD,,,,,,6,8.05109338760376,0.25017359449890875,0.29506697654724123
ADAGRAD,,,,,,7,7.958888244628906,0.2792818516472833,0.30286569595336915
ADAGRAD,,,,,,8,7.43519172668457,0.1443378029271506,0.31006546020507814
ADAGRAD,,,,,,9,7.635498428344727,0.4084656910871121,0.31766815185546876
ADAGRAD,,,,,,10,7.269138336181641,0.27109398114685074,0.3254694938659668
ADAGRAD,,,,,,11,7.093786144256592,0.5262299399353695,0.33326058387756347
ADAGRAD,,,,,,12,7.030152893066406,0.17441150678739498,0.34087042808532714
ADAGRAD,,,,,,13,7.229650974273682,0.26363126590219615,0.34867105484008787
ADAGRAD,,,,,,14,6.753487777709961,0.1417946949777771,0.3558720588684082
ADAGRAD,,,,,,15,6.701598453521728,0.3638758062671928,0.36347212791442873
ADAGRAD,,,,,,16,6.70901927947998,0.3964300613685895,0.37107071876525877
ADAGRAD,,,,,,17,6.399618148803711,0.22791424713023076,0.37827210426330565
ADAGRAD,,,,,,18,6.632264900207519,0.3159538887125257,0.38567285537719725
ADAGRAD,,,,,,19,6.421446228027344,0.49917989836730536,0.3929743766784668
ADAGRAD,,,,,,20,7.105667304992676,0.21453303302727356,0.40047626495361327
ADAGRAD,,,,,,21,6.844640827178955,0.46641412881523087,0.40827627182006837
ADAGRAD,,,,,,22,6.89965705871582,0.09000177633176287,0.4160783767700195
ADAGRAD,,,,,,23,6.976246166229248,0.5375461512794976,0.42387876510620115
ADAGRAD,,,,,,24,6.3564153671264645,0.23774140512283512,0.4313823223114014
ADAGRAD,,,,,,25,6.6876099586486815,0.5746292815341179,0.43931212425231936
ADAGRAD,,,,,,26,6.874448299407959,0.36089298448633433,0.4471132755279541
ADAGRAD,,,,,,27,6.5574976921081545,0.4024728055022673,0.45491390228271483
ADAGRAD,,,,,,28,6.528138637542725,0.4329413246370116,0.4625135898590088
ADAGRAD,,,,,,29,6.1879191398620605,0.3724626624590796,0.47011260986328124
ADAGRAD,,,,,,30,6.839738559722901,0.34219115099044634,0.47811388969421387
ADAGRAD,,,,,,31,6.578411483764649,0.07311672342754129,0.4859161376953125
ADAGRAD,,,,,,32,6.908457851409912,0.30896176989880225,0.4933582305908203
ADAGRAD,,,,,,33,6.7133279800415036,0.17651627539036222,0.501261043548584
ADAGRAD,,,,,,34,6.574364852905274,0.2933806576452436,0.5088605403900146
ADAGRAD,,,,,,35,6.130173683166504,0.21108834300957113,0.5172617912292481
ADAGRAD,,,,,,36,6.09793872833252,0.48856782329648685,0.5246636867523193
ADAGRAD,,,,,,37,7.067432689666748,0.22544311619036078,0.5332457065582276
ADAGRAD,,,,,,38,7.00288953781128,0.2941105634010865,0.5410215854644775
ADAGRAD,,,,,,39,6.952908039093018,0.32529757819268296,0.5491862773895264
ADAGRAD,,,,,,40,7.095322227478027,0.13032460771848864,0.5573030471801758
ADAGRAD,,,,,,41,5.812289714813232,0.26168799389958286,0.5643041133880615
ADAGRAD,,,,,,42,6.975147151947022,0.2607074427239788,0.5721052169799805
ADAGRAD,,,,,,43,6.850794982910156,0.32955889673259253,0.5795042514801025
ADAGRAD,,,,,,44,5.756627750396729,0.19901746587217972,0.5868062973022461
ADAGRAD,,,,,,45,6.022166538238525,0.4189460240276631,0.594608211517334
ADAGRAD,,,,,,46,6.4528937339782715,0.17856165705729024,0.6022072792053222
ADAGRAD,,,,,,47,6.297513198852539,0.26084738511704486,0.6099095344543457
ADAGRAD,,,,,,48,5.987452220916748,0.16414813806665216,0.6185279369354248
ADAGRAD,,,,,,49,6.391503620147705,0.29352142663145,0.6263599395751953
ADAGRAD,,,,,,50,5.921634197235107,0.25652601007591974,0.6342162132263184
ADAGRAD,,,,,,51,5.641429042816162,0.4319895437627314,0.6423810958862305
ADAGRAD,,,,,,52,6.611363410949707,0.2547199813781389,0.6497106075286865
ADAGRAD,,,,,,53,5.9736706733703615,0.3472787884050843,0.6579983711242676
ADAGRAD,,,,,,54,6.251914691925049,0.3467675849455974,0.6663982391357421
ADAGRAD,,,,,,55,5.689234638214112,0.3513669649115926,0.6739136219024658
ADAGRAD,,,,,,56,5.627770519256591,0.12997276584993836,0.6813132762908936
ADAGRAD,,,,,,57,6.704393768310547,0.3942996322998167,0.6894149780273438
ADAGRAD,,,,,,58,6.243159008026123,0.2580179405189413,0.6966168403625488
ADAGRAD,,,,,,59,6.148952388763428,0.26737159894096835,0.7048173427581788
ADAGRAD,,,,,,60,6.160327434539795,0.3879487289606202,0.7130210399627686
ADAGRAD,,,,,,61,6.438550186157227,0.243768739354847,0.7211245536804199
ADAGRAD,,,,,,62,7.149895763397216,0.3878207467452609,0.7293269157409668
ADAGRAD,,,,,,63,6.552658653259277,0.3163548988887521,0.7372283935546875
ADAGRAD,,,,,,64,6.374721717834473,0.30340675191451144,0.7450301647186279
ADAGRAD,,,,,,65,6.647039890289307,0.39617253529321744,0.7522299766540528
ADAGRAD,,,,,,66,6.621252918243409,0.33410812819513935,0.7600737571716308
ADAGRAD,,,,,,67,5.512844848632812,0.24709444441245884,0.7678730964660645
ADAGRAD,,,,,,68,6.775828170776367,0.19333939108314238,0.7752739906311035
ADAGRAD,,,,,,69,6.855212020874023,0.5060038219331833,0.7828750610351562
ADAGRAD,,,,,,70,6.579714584350586,0.51439439841789,0.790179443359375
ADAGRAD,,,,,,71,6.052976036071778,0.2788585700770132,0.7975796222686767
ADAGRAD,,,,,,72,6.745374584197998,0.2978438080708833,0.8053844928741455
ADAGRAD,,,,,,73,6.824109745025635,0.31790164670770527,0.8136848926544189
ADAGRAD,,,,,,74,6.486105728149414,0.1327750104268694,0.8218857288360596
ADAGRAD,,,,,,75,6.374199485778808,0.3807758803627701,0.8295880317687988
ADAGRAD,,,,,,76,6.137037658691407,0.18103628313609113,0.8367883205413819
ADAGRAD,,,,,,77,6.202230834960938,0.22061359622338636,0.8451882839202881
ADAGRAD,,,,,,78,6.542108154296875,0.30045071708621407,0.8531884670257568
ADAGRAD,,,,,,79,6.817993450164795,0.1889028478662907,0.8614026069641113
ADAGRAD,,,,,,80,6.1007569313049315,0.311018807665769,0.8690033912658691
ADAGRAD,,,,,,81,5.915532779693604,0.47743140565429143,0.8764031887054443
ADAGRAD,,,,,,82,6.3607124328613285,0.267265094318962,0.8846023559570313
ADAGRAD,,,,,,83,5.27458930015564,0.37123784412416905,0.8928043842315674
ADAGRAD,,,,,,84,6.484229469299317,0.18558710889688704,0.9006097316741943
ADAGRAD,,,,,,85,6.814503192901611,0.16730352167185578,0.9085107803344726
ADAGRAD,,,,,,86,6.331497478485107,0.12805796317704182,0.9161118030548095
ADAGRAD,,,,,,87,6.502096271514892,0.33067162537177597,0.9241119861602783
ADAGRAD,,,,,,88,6.01698408126831,0.27493315175695904,0.9318143367767334
ADAGRAD,,,,,,89,5.8081841468811035,0.26727531273279187,0.9396151542663574
ADAGRAD,,,,,,90,6.376833248138428,0.17592421634009464,0.9471877574920654
ADAGRAD,,,,,,91,6.170667743682861,0.33096860946317525,0.9550764083862304
ADAGRAD,,,,,,92,6.306352424621582,0.36313970651688243,0.9629353523254395
ADAGRAD,,,,,,93,5.903466415405274,0.22047635111754643,0.9706385612487793
ADAGRAD,,,,,,94,5.81584587097168,0.29695776539936036,0.978239917755127
ADAGRAD,,,,,,95,5.796750259399414,0.28574795151016374,0.985641622543335
ADAGRAD,,,,,,96,5.76286735534668,0.36921340917102335,0.9930421829223632
ADAGRAD,,,,,,97,6.274405193328858,0.1604214262204871,0.9999974727630615
ADAGRAD,,,,,,98,6.224199199676514,0.33629472349199513,1.00809907913208
ADAGRAD,,,,,,99,6.482900142669678,0.30643584191861295,1.0164117336273193
ADAGRAD,,,,,,100,6.231376266479492,0.2849728907208105,1.0247051239013671
NOVOGRAD,0.0,10.488714790344238,0.04680725153156366,10.808733367919922,0.02513426766139479,1,11.041170692443847,0.03838015858363114,0.005901956558227539
NOVOGRAD,99.0,7.256607913970948,0.09699262385020781,8.687076950073243,0.08174571794888384,2,10.567495155334473,0.07166866472609904,0.2711777687072754
NOVOGRAD,,,,,,3,9.995188331604004,0.15420320473140356,0.28582963943481443
NOVOGRAD,,,,,,4,10.105611228942871,0.18333295156907095,0.30233230590820315
NOVOGRAD,,,,,,5,9.511854934692384,0.4287306193611404,0.3148356914520264
NOVOGRAD,,,,,,6,9.520319557189941,0.3527412938119788,0.32863655090332033
NOVOGRAD,,,,,,7,9.317386150360107,0.3222387469271465,0.34165501594543457
NOVOGRAD,,,,,,8,9.422888660430909,0.5719374044898488,0.3567545413970947
NOVOGRAD,,,,,,9,8.321639251708984,0.7078870776238945,0.370955228805542
NOVOGRAD,,,,,,10,9.069637870788574,0.26082325537535056,0.38516960144042967
NOVOGRAD,,,,,,11,8.066679000854492,0.0832207574800781,0.4007865905761719
NOVOGRAD,,,,,,12,7.388411998748779,0.4904587979138948,0.416776180267334
NOVOGRAD,,,,,,13,8.63559865951538,0.2470236465916984,0.43037729263305663
NOVOGRAD,,,,,,14,8.935541152954102,0.47864367512870953,0.44487919807434084
NOVOGRAD,,,,,,15,8.976439094543457,0.5634556788005625,0.4587833881378174
NOVOGRAD,,,,,,16,8.698498725891113,0.302569984044118,0.4741827964782715
NOVOGRAD,,,,,,17,8.577404499053955,0.5551801189492173,0.49048428535461425
NOVOGRAD,,,,,,18,8.689971160888671,0.5318312822103742,0.5041872501373291
NOVOGRAD,,,,,,19,7.986366558074951,0.30765085146770776,0.5200927257537842
NOVOGRAD,,,,,,20,7.9164097785949705,0.2908715015549977,0.5343361854553222
NOVOGRAD,,,,,,21,8.749749660491943,0.3648481393527798,0.5487372398376464
NOVOGRAD,,,,,,22,8.654917144775391,0.2022283091402769,0.563640546798706
NOVOGRAD,,,,,,23,8.901512050628662,0.3936259636185577,0.5770416259765625
NOVOGRAD,,,,,,24,8.501437950134278,0.5268220576166656,0.59134521484375
NOVOGRAD,,,,,,25,8.875064086914062,0.5280988529053023,0.6057690620422364
NOVOGRAD,,,,,,26,7.679774284362793,0.3788503675223384,0.6197295665740967
NOVOGRAD,,,,,,27,8.93107852935791,0.5924091071265024,0.634359884262085
NOVOGRAD,,,,,,28,8.313771533966065,0.199261661308719,0.648559856414795
NOVOGRAD,,,,,,29,8.458336353302002,0.1126779980913072,0.6645607471466064
NOVOGRAD,,,,,,30,7.901277828216553,0.12336254156585323,0.6795909404754639
NOVOGRAD,,,,,,31,8.188707542419433,0.5867135824747478,0.6955213069915771
NOVOGRAD,,,,,,32,8.60743293762207,0.32165956720412475,0.7095191001892089
NOVOGRAD,,,,,,33,8.658268070220947,0.3371897341945766,0.7245197296142578
NOVOGRAD,,,,,,34,8.48696584701538,0.26034607585991354,0.7390223503112793
NOVOGRAD,,,,,,35,7.9174988746643065,0.4130134966555913,0.7537387371063232
NOVOGRAD,,,,,,36,8.077711868286134,0.5685314562518469,0.7685594081878662
NOVOGRAD,,,,,,37,8.521956157684325,0.440579243303794,0.782763671875
NOVOGRAD,,,,,,38,7.643719959259033,0.3050738339777243,0.7978670120239257
NOVOGRAD,,,,,,39,8.532565689086914,0.32139791406711526,0.8121685981750488
NOVOGRAD,,,,,,40,8.14084987640381,0.5250882778302747,0.8261703491210938
NOVOGRAD,,,,,,41,8.505869960784912,0.35647471806360326,0.8397691249847412
NOVOGRAD,,,,,,42,8.344489669799804,0.2160289924734446,0.8530743598937989
NOVOGRAD,,,,,,43,8.298986530303955,0.4145974091759107,0.866673755645752
NOVOGRAD,,,,,,44,7.588576030731201,0.3276797805845391,0.879879379272461
NOVOGRAD,,,,,,45,7.873152732849121,0.3034667679777449,0.8929708957672119
NOVOGRAD,,,,,,46,7.880950260162353,0.44268419130247816,0.9092364311218262
NOVOGRAD,,,,,,47,7.774163246154785,0.28776712409013816,0.9238377094268799
NOVOGRAD,,,,,,48,7.281844234466552,0.6390698973562245,0.937437629699707
NOVOGRAD,,,,,,49,8.122633361816407,0.49247149577317934,0.950941514968872
NOVOGRAD,,,,,,50,7.306907367706299,0.5437475226690422,0.9648990154266357
NOVOGRAD,,,,,,51,8.158708477020264,0.42974243011667657,0.9776022434234619
NOVOGRAD,,,,,,52,7.928647708892822,0.337873723490218,0.9929037094116211
NOVOGRAD,,,,,,53,8.015658473968506,0.4540914970354693,1.0083033561706543
NOVOGRAD,,,,,,54,7.618768501281738,0.583579427935026,1.0240060329437255
NOVOGRAD,,,,,,55,8.198515701293946,0.26783780363427784,1.0369173526763915
NOVOGRAD,,,,,,56,8.203135967254639,0.3993897142967285,1.0509193420410157
NOVOGRAD,,,,,,57,7.3252181053161625,0.32367261512606277,1.0647317886352539
NOVOGRAD,,,,,,58,7.9264449119567875,0.42573039702174287,1.0780340671539306
NOVOGRAD,,,,,,59,7.588552570343017,0.6970372862991612,1.0924771785736085
NOVOGRAD,,,,,,60,8.020960330963135,0.39804442052763706,1.1058074951171875
NOVOGRAD,,,,,,61,7.507266807556152,0.38719630294530166,1.1190552234649658
NOVOGRAD,,,,,,62,7.7778528213500975,0.7551364466159038,1.1334537982940673
NOVOGRAD,,,,,,63,8.236235332489013,0.4230707171219764,1.1472573757171631
NOVOGRAD,,,,,,64,8.027652645111084,0.23655853356222922,1.160260009765625
NOVOGRAD,,,,,,65,7.977173328399658,0.29536261950529813,1.175675868988037
NOVOGRAD,,,,,,66,8.481041812896729,0.1990247607062124,1.189979076385498
NOVOGRAD,,,,,,67,8.190036392211914,0.46978244617882353,1.2047812461853027
NOVOGRAD,,,,,,68,8.173799133300781,0.1706819998820957,1.2178943157196045
NOVOGRAD,,,,,,69,7.830962085723877,0.2175921984513416,1.2321958541870117
NOVOGRAD,,,,,,70,7.590128707885742,0.4368977382413509,1.2457962512969971
NOVOGRAD,,,,,,71,7.95994234085083,0.2710956701071252,1.2596999645233153
NOVOGRAD,,,,,,72,7.392928981781006,0.4701024087042041,1.274305486679077
NOVOGRAD,,,,,,73,7.620871257781983,0.5365410516948311,1.2883447647094726
NOVOGRAD,,,,,,74,7.751057720184326,0.6009107966965778,1.3019405364990235
NOVOGRAD,,,,,,75,7.4709288597106935,0.5485106502844397,1.3152657508850099
NOVOGRAD,,,,,,76,7.140065765380859,0.5195826157258737,1.328084659576416
NOVOGRAD,,,,,,77,6.8423412322998045,0.40516524916692187,1.3414865016937256
NOVOGRAD,,,,,,78,7.62755012512207,0.6125452732876276,1.3543888092041017
NOVOGRAD,,,,,,79,6.653623104095459,0.4202991182093255,1.3676069736480714
NOVOGRAD,,,,,,80,7.714999771118164,0.23331242208358216,1.3824359893798828
NOVOGRAD,,,,,,81,7.91614875793457,0.16046424463468206,1.3970365047454834
NOVOGRAD,,,,,,82,7.981378364562988,0.38822480794739433,1.412036085128784
NOVOGRAD,,,,,,83,7.069010639190674,0.21382078296160525,1.4269390106201172
NOVOGRAD,,,,,,84,7.745807647705078,0.2501670290342315,1.4421503067016601
NOVOGRAD,,,,,,85,7.358131694793701,0.35549219562640516,1.455955696105957
NOVOGRAD,,,,,,86,7.367612743377686,0.32683227381583185,1.4691840171813966
NOVOGRAD,,,,,,87,6.740855503082275,0.48632351955803915,1.4823735237121582
NOVOGRAD,,,,,,88,7.3849889755249025,0.3555477954839193,1.4970002174377441
NOVOGRAD,,,,,,89,7.624340152740478,0.28558301707653777,1.5124011993408204
NOVOGRAD,,,,,,90,7.356758403778076,0.5334367803642341,1.5259027004241943
NOVOGRAD,,,,,,91,7.235910320281983,0.46338356948220977,1.5393046379089355
NOVOGRAD,,,,,,92,7.125292873382568,0.45014551150924326,1.5555227279663086
NOVOGRAD,,,,,,93,7.5835521697998045,0.5449309840877152,1.5703235626220704
NOVOGRAD,,,,,,94,7.073201465606689,0.3529852778516885,1.58512601852417
NOVOGRAD,,,,,,95,7.676836109161377,0.4285757193266619,1.6006264209747314
NOVOGRAD,,,,,,96,7.575564670562744,0.1818531913739128,1.6147531986236572
NOVOGRAD,,,,,,97,7.396665954589844,0.23822541337064948,1.6309579372406007
NOVOGRAD,,,,,,98,7.99137601852417,0.13031001214904875,1.6468787670135498
NOVOGRAD,,,,,,99,7.810190868377686,0.24909587578493556,1.6620787620544433
NOVOGRAD,,,,,,100,7.537769794464111,0.4438971733274649,1.6754992961883546
