duration_seconds,start_time,platform,python_version,processor,cpu_count_physical,cpu_count_logical,memory_total_gb,memory_available_gb,disk_usage_gb,hostname,cuda_available,compute_type,date,gpu_count,gpu_name,gpu_memory_total_gb,start_memory_used_gb,start_cpu_percent,end_memory_used_gb,end_cpu_percent,memory_increase_gb,optimizer,run_index,episodes
36.07,2025-09-21 12:29:33,Windows-11-10.0.26100-SP0,3.12.6,"AMD64 Family 26 Model 68 Stepping 0, AuthenticAMD",12,24,61.6,32.88,931.4,DESKTOP-JA3B0L7,True,GPU,2025-09-21 12:29:33,1,NVIDIA GeForce RTX 5070 Ti,15.92,0.61,0.0,0.64,0.0,0.03,MILO,0,500
9.22,2025-09-21 12:30:09,Windows-11-10.0.26100-SP0,3.12.6,"AMD64 Family 26 Model 68 Stepping 0, AuthenticAMD",12,24,61.6,33.44,931.4,DESKTOP-JA3B0L7,True,GPU,2025-09-21 12:30:09,1,NVIDIA GeForce RTX 5070 Ti,15.92,0.64,0.0,0.64,0.0,0.0,MILO,1,500
12.28,2025-09-21 12:30:19,Windows-11-10.0.26100-SP0,3.12.6,"AMD64 Family 26 Model 68 Stepping 0, AuthenticAMD",12,24,61.6,33.41,931.4,DESKTOP-JA3B0L7,True,GPU,2025-09-21 12:30:19,1,NVIDIA GeForce RTX 5070 Ti,15.92,0.64,0.0,0.64,0.0,0.0,MILO,2,500
13.98,2025-09-21 12:30:31,Windows-11-10.0.26100-SP0,3.12.6,"AMD64 Family 26 Model 68 Stepping 0, AuthenticAMD",12,24,61.6,33.43,931.4,DESKTOP-JA3B0L7,True,GPU,2025-09-21 12:30:31,1,NVIDIA GeForce RTX 5070 Ti,15.92,0.64,0.0,0.65,0.0,0.01,MILO,3,500
7.53,2025-09-21 12:30:45,Windows-11-10.0.26100-SP0,3.12.6,"AMD64 Family 26 Model 68 Stepping 0, AuthenticAMD",12,24,61.6,33.4,931.4,DESKTOP-JA3B0L7,True,GPU,2025-09-21 12:30:45,1,NVIDIA GeForce RTX 5070 Ti,15.92,0.65,0.0,0.65,0.0,0.0,MILO,4,500
68.47,2025-09-21 12:30:52,Windows-11-10.0.26100-SP0,3.12.6,"AMD64 Family 26 Model 68 Stepping 0, AuthenticAMD",12,24,61.6,33.35,931.4,DESKTOP-JA3B0L7,True,GPU,2025-09-21 12:30:52,1,NVIDIA GeForce RTX 5070 Ti,15.92,0.65,0.0,0.67,0.0,0.02,MILO_LW,0,500
66.53,2025-09-21 12:32:01,Windows-11-10.0.26100-SP0,3.12.6,"AMD64 Family 26 Model 68 Stepping 0, AuthenticAMD",12,24,61.6,32.63,931.4,DESKTOP-JA3B0L7,True,GPU,2025-09-21 12:32:01,1,NVIDIA GeForce RTX 5070 Ti,15.92,0.65,0.0,0.68,0.0,0.03,MILO_LW,1,500
10.43,2025-09-21 12:33:09,Windows-11-10.0.26100-SP0,3.12.6,"AMD64 Family 26 Model 68 Stepping 0, AuthenticAMD",12,24,61.6,33.34,931.4,DESKTOP-JA3B0L7,True,GPU,2025-09-21 12:33:09,1,NVIDIA GeForce RTX 5070 Ti,15.92,0.68,0.0,0.68,0.0,0.0,MILO_LW,2,500
17.21,2025-09-21 12:33:19,Windows-11-10.0.26100-SP0,3.12.6,"AMD64 Family 26 Model 68 Stepping 0, AuthenticAMD",12,24,61.6,33.33,931.4,DESKTOP-JA3B0L7,True,GPU,2025-09-21 12:33:19,1,NVIDIA GeForce RTX 5070 Ti,15.92,0.68,0.0,0.68,0.0,0.0,MILO_LW,3,500
7.34,2025-09-21 12:33:36,Windows-11-10.0.26100-SP0,3.12.6,"AMD64 Family 26 Model 68 Stepping 0, AuthenticAMD",12,24,61.6,33.25,931.4,DESKTOP-JA3B0L7,True,GPU,2025-09-21 12:33:36,1,NVIDIA GeForce RTX 5070 Ti,15.92,0.68,0.0,0.68,0.0,0.0,MILO_LW,4,500
74.36,2025-09-21 12:33:44,Windows-11-10.0.26100-SP0,3.12.6,"AMD64 Family 26 Model 68 Stepping 0, AuthenticAMD",12,24,61.6,33.04,931.4,DESKTOP-JA3B0L7,True,GPU,2025-09-21 12:33:44,1,NVIDIA GeForce RTX 5070 Ti,15.92,0.68,0.0,0.7,0.0,0.02,SGD,0,500
82.16,2025-09-21 12:34:59,Windows-11-10.0.26100-SP0,3.12.6,"AMD64 Family 26 Model 68 Stepping 0, AuthenticAMD",12,24,61.6,33.0,931.4,DESKTOP-JA3B0L7,True,GPU,2025-09-21 12:34:59,1,NVIDIA GeForce RTX 5070 Ti,15.92,0.7,0.0,0.71,0.0,0.01,SGD,1,500
81.48,2025-09-21 12:36:21,Windows-11-10.0.26100-SP0,3.12.6,"AMD64 Family 26 Model 68 Stepping 0, AuthenticAMD",12,24,61.6,32.88,931.4,DESKTOP-JA3B0L7,True,GPU,2025-09-21 12:36:21,1,NVIDIA GeForce RTX 5070 Ti,15.92,0.71,0.0,0.72,0.0,0.01,SGD,2,500
81.62,2025-09-21 12:37:43,Windows-11-10.0.26100-SP0,3.12.6,"AMD64 Family 26 Model 68 Stepping 0, AuthenticAMD",12,24,61.6,32.24,931.4,DESKTOP-JA3B0L7,True,GPU,2025-09-21 12:37:43,1,NVIDIA GeForce RTX 5070 Ti,15.92,0.72,0.0,0.73,0.0,0.01,SGD,3,500
53.4,2025-09-21 12:39:06,Windows-11-10.0.26100-SP0,3.12.6,"AMD64 Family 26 Model 68 Stepping 0, AuthenticAMD",12,24,61.6,33.11,931.4,DESKTOP-JA3B0L7,True,GPU,2025-09-21 12:39:06,1,NVIDIA GeForce RTX 5070 Ti,15.92,0.72,0.0,0.73,0.0,0.01,SGD,4,500
7.95,2025-09-21 12:39:59,Windows-11-10.0.26100-SP0,3.12.6,"AMD64 Family 26 Model 68 Stepping 0, AuthenticAMD",12,24,61.6,32.64,931.4,DESKTOP-JA3B0L7,True,GPU,2025-09-21 12:39:59,1,NVIDIA GeForce RTX 5070 Ti,15.92,0.73,0.0,0.74,0.0,0.01,ADAMW,0,500
5.18,2025-09-21 12:40:07,Windows-11-10.0.26100-SP0,3.12.6,"AMD64 Family 26 Model 68 Stepping 0, AuthenticAMD",12,24,61.6,32.62,931.4,DESKTOP-JA3B0L7,True,GPU,2025-09-21 12:40:07,1,NVIDIA GeForce RTX 5070 Ti,15.92,0.74,0.0,0.74,0.0,0.0,ADAMW,1,500
7.69,2025-09-21 12:40:12,Windows-11-10.0.26100-SP0,3.12.6,"AMD64 Family 26 Model 68 Stepping 0, AuthenticAMD",12,24,61.6,32.53,931.4,DESKTOP-JA3B0L7,True,GPU,2025-09-21 12:40:12,1,NVIDIA GeForce RTX 5070 Ti,15.92,0.74,0.0,0.74,0.0,0.0,ADAMW,2,500
8.05,2025-09-21 12:40:20,Windows-11-10.0.26100-SP0,3.12.6,"AMD64 Family 26 Model 68 Stepping 0, AuthenticAMD",12,24,61.6,32.45,931.4,DESKTOP-JA3B0L7,True,GPU,2025-09-21 12:40:20,1,NVIDIA GeForce RTX 5070 Ti,15.92,0.74,0.0,0.74,0.0,0.0,ADAMW,3,500
5.2,2025-09-21 12:40:28,Windows-11-10.0.26100-SP0,3.12.6,"AMD64 Family 26 Model 68 Stepping 0, AuthenticAMD",12,24,61.6,32.48,931.4,DESKTOP-JA3B0L7,True,GPU,2025-09-21 12:40:28,1,NVIDIA GeForce RTX 5070 Ti,15.92,0.74,0.0,0.74,0.0,0.0,ADAMW,4,500
82.48,2025-09-21 12:40:33,Windows-11-10.0.26100-SP0,3.12.6,"AMD64 Family 26 Model 68 Stepping 0, AuthenticAMD",12,24,61.6,32.44,931.4,DESKTOP-JA3B0L7,True,GPU,2025-09-21 12:40:33,1,NVIDIA GeForce RTX 5070 Ti,15.92,0.74,0.0,0.88,0.0,0.14,ADAM_MINI,0,500
4.83,2025-09-21 12:41:56,Windows-11-10.0.26100-SP0,3.12.6,"AMD64 Family 26 Model 68 Stepping 0, AuthenticAMD",12,24,61.6,32.95,931.4,DESKTOP-JA3B0L7,True,GPU,2025-09-21 12:41:56,1,NVIDIA GeForce RTX 5070 Ti,15.92,0.88,0.0,0.87,0.0,-0.01,ADAM_MINI,1,500
5.85,2025-09-21 12:42:01,Windows-11-10.0.26100-SP0,3.12.6,"AMD64 Family 26 Model 68 Stepping 0, AuthenticAMD",12,24,61.6,32.91,931.4,DESKTOP-JA3B0L7,True,GPU,2025-09-21 12:42:01,1,NVIDIA GeForce RTX 5070 Ti,15.92,0.87,0.0,0.87,0.0,0.0,ADAM_MINI,2,500
14.15,2025-09-21 12:42:07,Windows-11-10.0.26100-SP0,3.12.6,"AMD64 Family 26 Model 68 Stepping 0, AuthenticAMD",12,24,61.6,32.88,931.4,DESKTOP-JA3B0L7,True,GPU,2025-09-21 12:42:07,1,NVIDIA GeForce RTX 5070 Ti,15.92,0.87,0.0,0.87,0.0,0.0,ADAM_MINI,3,500
4.2,2025-09-21 12:42:21,Windows-11-10.0.26100-SP0,3.12.6,"AMD64 Family 26 Model 68 Stepping 0, AuthenticAMD",12,24,61.6,32.74,931.4,DESKTOP-JA3B0L7,True,GPU,2025-09-21 12:42:21,1,NVIDIA GeForce RTX 5070 Ti,15.92,0.87,0.0,0.87,0.0,0.0,ADAM_MINI,4,500
9.34,2025-09-21 12:42:26,Windows-11-10.0.26100-SP0,3.12.6,"AMD64 Family 26 Model 68 Stepping 0, AuthenticAMD",12,24,61.6,32.72,931.4,DESKTOP-JA3B0L7,True,GPU,2025-09-21 12:42:26,1,NVIDIA GeForce RTX 5070 Ti,15.92,0.87,0.0,0.88,0.0,0.01,NOVOGRAD,0,500
6.12,2025-09-21 12:42:35,Windows-11-10.0.26100-SP0,3.12.6,"AMD64 Family 26 Model 68 Stepping 0, AuthenticAMD",12,24,61.6,32.7,931.4,DESKTOP-JA3B0L7,True,GPU,2025-09-21 12:42:35,1,NVIDIA GeForce RTX 5070 Ti,15.92,0.88,0.0,0.88,0.0,0.0,NOVOGRAD,1,500
8.31,2025-09-21 12:42:41,Windows-11-10.0.26100-SP0,3.12.6,"AMD64 Family 26 Model 68 Stepping 0, AuthenticAMD",12,24,61.6,32.66,931.4,DESKTOP-JA3B0L7,True,GPU,2025-09-21 12:42:41,1,NVIDIA GeForce RTX 5070 Ti,15.92,0.88,0.0,0.88,0.0,0.0,NOVOGRAD,2,500
24.78,2025-09-21 12:42:49,Windows-11-10.0.26100-SP0,3.12.6,"AMD64 Family 26 Model 68 Stepping 0, AuthenticAMD",12,24,61.6,32.6,931.4,DESKTOP-JA3B0L7,True,GPU,2025-09-21 12:42:49,1,NVIDIA GeForce RTX 5070 Ti,15.92,0.88,0.0,0.88,0.0,0.0,NOVOGRAD,3,500
5.87,2025-09-21 12:43:14,Windows-11-10.0.26100-SP0,3.12.6,"AMD64 Family 26 Model 68 Stepping 0, AuthenticAMD",12,24,61.6,32.48,931.4,DESKTOP-JA3B0L7,True,GPU,2025-09-21 12:43:14,1,NVIDIA GeForce RTX 5070 Ti,15.92,0.88,0.0,0.88,0.0,0.0,NOVOGRAD,4,500
62.2,2025-09-21 12:43:20,Windows-11-10.0.26100-SP0,3.12.6,"AMD64 Family 26 Model 68 Stepping 0, AuthenticAMD",12,24,61.6,32.42,931.4,DESKTOP-JA3B0L7,True,GPU,2025-09-21 12:43:20,1,NVIDIA GeForce RTX 5070 Ti,15.92,0.88,0.0,0.9,0.0,0.02,ADAGRAD,0,500
51.31,2025-09-21 12:44:23,Windows-11-10.0.26100-SP0,3.12.6,"AMD64 Family 26 Model 68 Stepping 0, AuthenticAMD",12,24,61.6,32.13,931.4,DESKTOP-JA3B0L7,True,GPU,2025-09-21 12:44:23,1,NVIDIA GeForce RTX 5070 Ti,15.92,0.9,0.0,0.91,0.0,0.01,ADAGRAD,1,500
11.7,2025-09-21 12:45:15,Windows-11-10.0.26100-SP0,3.12.6,"AMD64 Family 26 Model 68 Stepping 0, AuthenticAMD",12,24,61.6,33.03,931.4,DESKTOP-JA3B0L7,True,GPU,2025-09-21 12:45:15,1,NVIDIA GeForce RTX 5070 Ti,15.92,0.91,0.0,0.9,0.0,-0.01,ADAGRAD,2,500
28.16,2025-09-21 12:45:26,Windows-11-10.0.26100-SP0,3.12.6,"AMD64 Family 26 Model 68 Stepping 0, AuthenticAMD",12,24,61.6,33.02,931.4,DESKTOP-JA3B0L7,True,GPU,2025-09-21 12:45:26,1,NVIDIA GeForce RTX 5070 Ti,15.92,0.9,0.0,0.91,0.0,0.01,ADAGRAD,3,500
18.57,2025-09-21 12:45:55,Windows-11-10.0.26100-SP0,3.12.6,"AMD64 Family 26 Model 68 Stepping 0, AuthenticAMD",12,24,61.6,32.82,931.4,DESKTOP-JA3B0L7,True,GPU,2025-09-21 12:45:55,1,NVIDIA GeForce RTX 5070 Ti,15.92,0.9,0.0,0.9,0.0,0.0,ADAGRAD,4,500
6.27,2025-09-21 12:46:14,Windows-11-10.0.26100-SP0,3.12.6,"AMD64 Family 26 Model 68 Stepping 0, AuthenticAMD",12,24,61.6,32.69,931.4,DESKTOP-JA3B0L7,True,GPU,2025-09-21 12:46:14,1,NVIDIA GeForce RTX 5070 Ti,15.92,0.9,0.0,0.91,0.0,0.01,ADEMAMIX,0,500
74.59,2025-09-21 12:46:20,Windows-11-10.0.26100-SP0,3.12.6,"AMD64 Family 26 Model 68 Stepping 0, AuthenticAMD",12,24,61.6,32.63,931.4,DESKTOP-JA3B0L7,True,GPU,2025-09-21 12:46:20,1,NVIDIA GeForce RTX 5070 Ti,15.92,0.91,0.0,0.93,0.0,0.02,ADEMAMIX,1,500
6.87,2025-09-21 12:47:35,Windows-11-10.0.26100-SP0,3.12.6,"AMD64 Family 26 Model 68 Stepping 0, AuthenticAMD",12,24,61.6,32.16,931.4,DESKTOP-JA3B0L7,True,GPU,2025-09-21 12:47:35,1,NVIDIA GeForce RTX 5070 Ti,15.92,0.93,0.0,0.93,0.0,0.0,ADEMAMIX,2,500
21.12,2025-09-21 12:47:42,Windows-11-10.0.26100-SP0,3.12.6,"AMD64 Family 26 Model 68 Stepping 0, AuthenticAMD",12,24,61.6,32.14,931.4,DESKTOP-JA3B0L7,True,GPU,2025-09-21 12:47:42,1,NVIDIA GeForce RTX 5070 Ti,15.92,0.93,0.0,0.93,0.0,0.0,ADEMAMIX,3,500
5.07,2025-09-21 12:48:03,Windows-11-10.0.26100-SP0,3.12.6,"AMD64 Family 26 Model 68 Stepping 0, AuthenticAMD",12,24,61.6,32.05,931.4,DESKTOP-JA3B0L7,True,GPU,2025-09-21 12:48:03,1,NVIDIA GeForce RTX 5070 Ti,15.92,0.93,0.0,0.93,0.0,0.0,ADEMAMIX,4,500
20.66,2025-09-21 12:48:08,Windows-11-10.0.26100-SP0,3.12.6,"AMD64 Family 26 Model 68 Stepping 0, AuthenticAMD",12,24,61.6,33.1,931.4,DESKTOP-JA3B0L7,True,GPU,2025-09-21 12:48:08,1,NVIDIA GeForce RTX 5070 Ti,15.92,0.93,0.0,0.93,0.0,0.0,MUON,0,500
17.06,2025-09-21 12:48:29,Windows-11-10.0.26100-SP0,3.12.6,"AMD64 Family 26 Model 68 Stepping 0, AuthenticAMD",12,24,61.6,33.07,931.4,DESKTOP-JA3B0L7,True,GPU,2025-09-21 12:48:29,1,NVIDIA GeForce RTX 5070 Ti,15.92,0.93,0.0,0.93,0.0,0.0,MUON,1,500
17.3,2025-09-21 12:48:46,Windows-11-10.0.26100-SP0,3.12.6,"AMD64 Family 26 Model 68 Stepping 0, AuthenticAMD",12,24,61.6,32.92,931.4,DESKTOP-JA3B0L7,True,GPU,2025-09-21 12:48:46,1,NVIDIA GeForce RTX 5070 Ti,15.92,0.93,0.0,0.94,0.0,0.01,MUON,2,500
21.27,2025-09-21 12:49:03,Windows-11-10.0.26100-SP0,3.12.6,"AMD64 Family 26 Model 68 Stepping 0, AuthenticAMD",12,24,61.6,32.84,931.4,DESKTOP-JA3B0L7,True,GPU,2025-09-21 12:49:03,1,NVIDIA GeForce RTX 5070 Ti,15.92,0.94,0.0,0.94,0.0,0.0,MUON,3,500
20.68,2025-09-21 12:49:25,Windows-11-10.0.26100-SP0,3.12.6,"AMD64 Family 26 Model 68 Stepping 0, AuthenticAMD",12,24,61.6,32.66,931.4,DESKTOP-JA3B0L7,True,GPU,2025-09-21 12:49:25,1,NVIDIA GeForce RTX 5070 Ti,15.92,0.94,0.0,0.94,0.0,0.0,MUON,4,500
