duration_seconds,start_time,platform,python_version,processor,cpu_count_physical,cpu_count_logical,memory_total_gb,memory_available_gb,disk_usage_gb,hostname,cuda_available,compute_type,date,gpu_count,gpu_name,gpu_memory_total_gb,start_memory_used_gb,start_cpu_percent,end_memory_used_gb,end_cpu_percent,memory_increase_gb,optimizer,run_index,epochs,experiment_title,total_experiment_duration
30.66,2025-07-27 10:16:08,Windows-11-10.0.26100-SP0,3.12.6,"AMD64 Family 26 Model 68 Stepping 0, AuthenticAMD",12,24,61.6,42.11,931.4,DESKTOP-JA3B0L7,True,GPU,2025-07-27 10:16:08,1,NVIDIA GeForce RTX 5070 Ti,15.92,1.14,0.0,1.45,0.0,0.31,MILO,0,10,MULTILAYER Experiment ,1443.15
30.81,2025-07-27 10:16:38,Windows-11-10.0.26100-SP0,3.12.6,"AMD64 Family 26 Model 68 Stepping 0, AuthenticAMD",12,24,61.6,41.87,931.4,DESKTOP-JA3B0L7,True,GPU,2025-07-27 10:16:38,1,NVIDIA GeForce RTX 5070 Ti,15.92,1.45,0.0,1.45,0.0,0.0,MILO,1,10,MULTILAYER Experiment ,1443.15
30.51,2025-07-27 10:17:09,Windows-11-10.0.26100-SP0,3.12.6,"AMD64 Family 26 Model 68 Stepping 0, AuthenticAMD",12,24,61.6,41.68,931.4,DESKTOP-JA3B0L7,True,GPU,2025-07-27 10:17:09,1,NVIDIA GeForce RTX 5070 Ti,15.92,1.45,0.0,1.45,0.0,0.0,MILO,2,10,MULTILAYER Experiment ,1443.15
30.82,2025-07-27 10:17:40,Windows-11-10.0.26100-SP0,3.12.6,"AMD64 Family 26 Model 68 Stepping 0, AuthenticAMD",12,24,61.6,41.66,931.4,DESKTOP-JA3B0L7,True,GPU,2025-07-27 10:17:40,1,NVIDIA GeForce RTX 5070 Ti,15.92,1.45,0.0,1.45,0.0,0.0,MILO,3,10,MULTILAYER Experiment ,1443.15
30.34,2025-07-27 10:18:10,Windows-11-10.0.26100-SP0,3.12.6,"AMD64 Family 26 Model 68 Stepping 0, AuthenticAMD",12,24,61.6,41.62,931.4,DESKTOP-JA3B0L7,True,GPU,2025-07-27 10:18:10,1,NVIDIA GeForce RTX 5070 Ti,15.92,1.45,0.0,1.45,0.0,0.0,MILO,4,10,MULTILAYER Experiment ,1443.15
31.51,2025-07-27 10:18:41,Windows-11-10.0.26100-SP0,3.12.6,"AMD64 Family 26 Model 68 Stepping 0, AuthenticAMD",12,24,61.6,41.83,931.4,DESKTOP-JA3B0L7,True,GPU,2025-07-27 10:18:41,1,NVIDIA GeForce RTX 5070 Ti,15.92,1.45,0.0,1.46,0.0,0.01,MILO_LW,0,10,MULTILAYER Experiment ,1443.15
31.29,2025-07-27 10:19:12,Windows-11-10.0.26100-SP0,3.12.6,"AMD64 Family 26 Model 68 Stepping 0, AuthenticAMD",12,24,61.6,41.62,931.4,DESKTOP-JA3B0L7,True,GPU,2025-07-27 10:19:12,1,NVIDIA GeForce RTX 5070 Ti,15.92,1.46,0.0,1.46,0.0,0.0,MILO_LW,1,10,MULTILAYER Experiment ,1443.15
32.06,2025-07-27 10:19:44,Windows-11-10.0.26100-SP0,3.12.6,"AMD64 Family 26 Model 68 Stepping 0, AuthenticAMD",12,24,61.6,41.88,931.4,DESKTOP-JA3B0L7,True,GPU,2025-07-27 10:19:44,1,NVIDIA GeForce RTX 5070 Ti,15.92,1.46,0.0,1.46,0.0,0.0,MILO_LW,2,10,MULTILAYER Experiment ,1443.15
34.08,2025-07-27 10:20:16,Windows-11-10.0.26100-SP0,3.12.6,"AMD64 Family 26 Model 68 Stepping 0, AuthenticAMD",12,24,61.6,41.71,931.4,DESKTOP-JA3B0L7,True,GPU,2025-07-27 10:20:16,1,NVIDIA GeForce RTX 5070 Ti,15.92,1.46,0.0,1.46,0.0,0.0,MILO_LW,3,10,MULTILAYER Experiment ,1443.15
32.75,2025-07-27 10:20:50,Windows-11-10.0.26100-SP0,3.12.6,"AMD64 Family 26 Model 68 Stepping 0, AuthenticAMD",12,24,61.6,41.88,931.4,DESKTOP-JA3B0L7,True,GPU,2025-07-27 10:20:50,1,NVIDIA GeForce RTX 5070 Ti,15.92,1.46,0.0,1.46,0.0,0.0,MILO_LW,4,10,MULTILAYER Experiment ,1443.15
31.85,2025-07-27 10:21:23,Windows-11-10.0.26100-SP0,3.12.6,"AMD64 Family 26 Model 68 Stepping 0, AuthenticAMD",12,24,61.6,41.77,931.4,DESKTOP-JA3B0L7,True,GPU,2025-07-27 10:21:23,1,NVIDIA GeForce RTX 5070 Ti,15.92,1.46,0.0,1.6,0.0,0.14,MUON,0,10,MULTILAYER Experiment ,1443.15
32.3,2025-07-27 10:21:54,Windows-11-10.0.26100-SP0,3.12.6,"AMD64 Family 26 Model 68 Stepping 0, AuthenticAMD",12,24,61.6,41.55,931.4,DESKTOP-JA3B0L7,True,GPU,2025-07-27 10:21:54,1,NVIDIA GeForce RTX 5070 Ti,15.92,1.6,0.0,1.6,0.0,0.0,MUON,1,10,MULTILAYER Experiment ,1443.15
31.79,2025-07-27 10:22:27,Windows-11-10.0.26100-SP0,3.12.6,"AMD64 Family 26 Model 68 Stepping 0, AuthenticAMD",12,24,61.6,41.7,931.4,DESKTOP-JA3B0L7,True,GPU,2025-07-27 10:22:27,1,NVIDIA GeForce RTX 5070 Ti,15.92,1.6,0.0,1.6,0.0,0.0,MUON,2,10,MULTILAYER Experiment ,1443.15
31.7,2025-07-27 10:22:59,Windows-11-10.0.26100-SP0,3.12.6,"AMD64 Family 26 Model 68 Stepping 0, AuthenticAMD",12,24,61.6,41.6,931.4,DESKTOP-JA3B0L7,True,GPU,2025-07-27 10:22:59,1,NVIDIA GeForce RTX 5070 Ti,15.92,1.6,0.0,1.6,0.0,0.0,MUON,3,10,MULTILAYER Experiment ,1443.15
31.52,2025-07-27 10:23:30,Windows-11-10.0.26100-SP0,3.12.6,"AMD64 Family 26 Model 68 Stepping 0, AuthenticAMD",12,24,61.6,41.51,931.4,DESKTOP-JA3B0L7,True,GPU,2025-07-27 10:23:30,1,NVIDIA GeForce RTX 5070 Ti,15.92,1.6,0.0,1.6,0.0,0.0,MUON,4,10,MULTILAYER Experiment ,1443.15
29.06,2025-07-27 10:24:02,Windows-11-10.0.26100-SP0,3.12.6,"AMD64 Family 26 Model 68 Stepping 0, AuthenticAMD",12,24,61.6,41.73,931.4,DESKTOP-JA3B0L7,True,GPU,2025-07-27 10:24:02,1,NVIDIA GeForce RTX 5070 Ti,15.92,1.6,0.0,1.64,0.0,0.04,ADALAYER,0,10,MULTILAYER Experiment ,1443.15
29.1,2025-07-27 10:24:31,Windows-11-10.0.26100-SP0,3.12.6,"AMD64 Family 26 Model 68 Stepping 0, AuthenticAMD",12,24,61.6,41.62,931.4,DESKTOP-JA3B0L7,True,GPU,2025-07-27 10:24:31,1,NVIDIA GeForce RTX 5070 Ti,15.92,1.64,0.0,1.64,0.0,0.0,ADALAYER,1,10,MULTILAYER Experiment ,1443.15
30.95,2025-07-27 10:25:00,Windows-11-10.0.26100-SP0,3.12.6,"AMD64 Family 26 Model 68 Stepping 0, AuthenticAMD",12,24,61.6,41.5,931.4,DESKTOP-JA3B0L7,True,GPU,2025-07-27 10:25:00,1,NVIDIA GeForce RTX 5070 Ti,15.92,1.64,0.0,1.64,0.0,0.0,ADALAYER,2,10,MULTILAYER Experiment ,1443.15
32.2,2025-07-27 10:25:31,Windows-11-10.0.26100-SP0,3.12.6,"AMD64 Family 26 Model 68 Stepping 0, AuthenticAMD",12,24,61.6,41.64,931.4,DESKTOP-JA3B0L7,True,GPU,2025-07-27 10:25:31,1,NVIDIA GeForce RTX 5070 Ti,15.92,1.64,0.0,1.64,0.0,0.0,ADALAYER,3,10,MULTILAYER Experiment ,1443.15
32.02,2025-07-27 10:26:03,Windows-11-10.0.26100-SP0,3.12.6,"AMD64 Family 26 Model 68 Stepping 0, AuthenticAMD",12,24,61.6,41.57,931.4,DESKTOP-JA3B0L7,True,GPU,2025-07-27 10:26:03,1,NVIDIA GeForce RTX 5070 Ti,15.92,1.64,0.0,1.64,0.0,0.0,ADALAYER,4,10,MULTILAYER Experiment ,1443.15
32.26,2025-07-27 10:26:35,Windows-11-10.0.26100-SP0,3.12.6,"AMD64 Family 26 Model 68 Stepping 0, AuthenticAMD",12,24,61.6,41.5,931.4,DESKTOP-JA3B0L7,True,GPU,2025-07-27 10:26:35,1,NVIDIA GeForce RTX 5070 Ti,15.92,1.64,0.0,1.68,0.0,0.04,ADAM_MINI,0,10,MULTILAYER Experiment ,1443.15
32.66,2025-07-27 10:27:07,Windows-11-10.0.26100-SP0,3.12.6,"AMD64 Family 26 Model 68 Stepping 0, AuthenticAMD",12,24,61.6,41.64,931.4,DESKTOP-JA3B0L7,True,GPU,2025-07-27 10:27:07,1,NVIDIA GeForce RTX 5070 Ti,15.92,1.68,0.0,1.68,0.0,0.0,ADAM_MINI,1,10,MULTILAYER Experiment ,1443.15
32.99,2025-07-27 10:27:40,Windows-11-10.0.26100-SP0,3.12.6,"AMD64 Family 26 Model 68 Stepping 0, AuthenticAMD",12,24,61.6,41.46,931.4,DESKTOP-JA3B0L7,True,GPU,2025-07-27 10:27:40,1,NVIDIA GeForce RTX 5070 Ti,15.92,1.68,0.0,1.68,0.0,0.0,ADAM_MINI,2,10,MULTILAYER Experiment ,1443.15
32.36,2025-07-27 10:28:13,Windows-11-10.0.26100-SP0,3.12.6,"AMD64 Family 26 Model 68 Stepping 0, AuthenticAMD",12,24,61.6,41.29,931.4,DESKTOP-JA3B0L7,True,GPU,2025-07-27 10:28:13,1,NVIDIA GeForce RTX 5070 Ti,15.92,1.68,0.0,1.68,0.0,0.0,ADAM_MINI,3,10,MULTILAYER Experiment ,1443.15
32.63,2025-07-27 10:28:45,Windows-11-10.0.26100-SP0,3.12.6,"AMD64 Family 26 Model 68 Stepping 0, AuthenticAMD",12,24,61.6,41.53,931.4,DESKTOP-JA3B0L7,True,GPU,2025-07-27 10:28:45,1,NVIDIA GeForce RTX 5070 Ti,15.92,1.68,0.0,1.68,0.0,0.0,ADAM_MINI,4,10,MULTILAYER Experiment ,1443.15
31.66,2025-07-27 10:29:18,Windows-11-10.0.26100-SP0,3.12.6,"AMD64 Family 26 Model 68 Stepping 0, AuthenticAMD",12,24,61.6,41.4,931.4,DESKTOP-JA3B0L7,True,GPU,2025-07-27 10:29:18,1,NVIDIA GeForce RTX 5070 Ti,15.92,1.68,0.0,1.68,0.0,0.0,SGD,0,10,MULTILAYER Experiment ,1443.15
31.52,2025-07-27 10:29:50,Windows-11-10.0.26100-SP0,3.12.6,"AMD64 Family 26 Model 68 Stepping 0, AuthenticAMD",12,24,61.6,41.73,931.4,DESKTOP-JA3B0L7,True,GPU,2025-07-27 10:29:50,1,NVIDIA GeForce RTX 5070 Ti,15.92,1.68,0.0,1.68,0.0,0.0,SGD,1,10,MULTILAYER Experiment ,1443.15
31.76,2025-07-27 10:30:21,Windows-11-10.0.26100-SP0,3.12.6,"AMD64 Family 26 Model 68 Stepping 0, AuthenticAMD",12,24,61.6,41.56,931.4,DESKTOP-JA3B0L7,True,GPU,2025-07-27 10:30:21,1,NVIDIA GeForce RTX 5070 Ti,15.92,1.68,0.0,1.68,0.0,0.0,SGD,2,10,MULTILAYER Experiment ,1443.15
32.28,2025-07-27 10:30:53,Windows-11-10.0.26100-SP0,3.12.6,"AMD64 Family 26 Model 68 Stepping 0, AuthenticAMD",12,24,61.6,41.46,931.4,DESKTOP-JA3B0L7,True,GPU,2025-07-27 10:30:53,1,NVIDIA GeForce RTX 5070 Ti,15.92,1.68,0.0,1.68,0.0,0.0,SGD,3,10,MULTILAYER Experiment ,1443.15
31.53,2025-07-27 10:31:25,Windows-11-10.0.26100-SP0,3.12.6,"AMD64 Family 26 Model 68 Stepping 0, AuthenticAMD",12,24,61.6,41.5,931.4,DESKTOP-JA3B0L7,True,GPU,2025-07-27 10:31:25,1,NVIDIA GeForce RTX 5070 Ti,15.92,1.68,0.0,1.68,0.0,0.0,SGD,4,10,MULTILAYER Experiment ,1443.15
32.09,2025-07-27 10:31:57,Windows-11-10.0.26100-SP0,3.12.6,"AMD64 Family 26 Model 68 Stepping 0, AuthenticAMD",12,24,61.6,41.4,931.4,DESKTOP-JA3B0L7,True,GPU,2025-07-27 10:31:57,1,NVIDIA GeForce RTX 5070 Ti,15.92,1.68,0.0,1.75,0.0,0.07,ADAMW,0,10,MULTILAYER Experiment ,1443.15
32.07,2025-07-27 10:32:29,Windows-11-10.0.26100-SP0,3.12.6,"AMD64 Family 26 Model 68 Stepping 0, AuthenticAMD",12,24,61.6,41.31,931.4,DESKTOP-JA3B0L7,True,GPU,2025-07-27 10:32:29,1,NVIDIA GeForce RTX 5070 Ti,15.92,1.75,0.0,1.75,0.0,0.0,ADAMW,1,10,MULTILAYER Experiment ,1443.15
31.75,2025-07-27 10:33:01,Windows-11-10.0.26100-SP0,3.12.6,"AMD64 Family 26 Model 68 Stepping 0, AuthenticAMD",12,24,61.6,41.52,931.4,DESKTOP-JA3B0L7,True,GPU,2025-07-27 10:33:01,1,NVIDIA GeForce RTX 5070 Ti,15.92,1.75,0.0,1.75,0.0,0.0,ADAMW,2,10,MULTILAYER Experiment ,1443.15
32.38,2025-07-27 10:33:33,Windows-11-10.0.26100-SP0,3.12.6,"AMD64 Family 26 Model 68 Stepping 0, AuthenticAMD",12,24,61.6,41.42,931.4,DESKTOP-JA3B0L7,True,GPU,2025-07-27 10:33:33,1,NVIDIA GeForce RTX 5070 Ti,15.92,1.75,0.0,1.75,0.0,0.0,ADAMW,3,10,MULTILAYER Experiment ,1443.15
31.88,2025-07-27 10:34:05,Windows-11-10.0.26100-SP0,3.12.6,"AMD64 Family 26 Model 68 Stepping 0, AuthenticAMD",12,24,61.6,41.23,931.4,DESKTOP-JA3B0L7,True,GPU,2025-07-27 10:34:05,1,NVIDIA GeForce RTX 5070 Ti,15.92,1.75,0.0,1.75,0.0,0.0,ADAMW,4,10,MULTILAYER Experiment ,1443.15
32.08,2025-07-27 10:34:37,Windows-11-10.0.26100-SP0,3.12.6,"AMD64 Family 26 Model 68 Stepping 0, AuthenticAMD",12,24,61.6,41.47,931.4,DESKTOP-JA3B0L7,True,GPU,2025-07-27 10:34:37,1,NVIDIA GeForce RTX 5070 Ti,15.92,1.75,0.0,1.75,0.0,0.0,ADAGRAD,0,10,MULTILAYER Experiment ,1443.15
32.13,2025-07-27 10:35:09,Windows-11-10.0.26100-SP0,3.12.6,"AMD64 Family 26 Model 68 Stepping 0, AuthenticAMD",12,24,61.6,41.36,931.4,DESKTOP-JA3B0L7,True,GPU,2025-07-27 10:35:09,1,NVIDIA GeForce RTX 5070 Ti,15.92,1.75,0.0,1.75,0.0,0.0,ADAGRAD,1,10,MULTILAYER Experiment ,1443.15
31.97,2025-07-27 10:35:41,Windows-11-10.0.26100-SP0,3.12.6,"AMD64 Family 26 Model 68 Stepping 0, AuthenticAMD",12,24,61.6,41.41,931.4,DESKTOP-JA3B0L7,True,GPU,2025-07-27 10:35:41,1,NVIDIA GeForce RTX 5070 Ti,15.92,1.75,0.0,1.75,0.0,0.0,ADAGRAD,2,10,MULTILAYER Experiment ,1443.15
32.18,2025-07-27 10:36:13,Windows-11-10.0.26100-SP0,3.12.6,"AMD64 Family 26 Model 68 Stepping 0, AuthenticAMD",12,24,61.6,41.58,931.4,DESKTOP-JA3B0L7,True,GPU,2025-07-27 10:36:13,1,NVIDIA GeForce RTX 5070 Ti,15.92,1.75,0.0,1.75,0.0,0.0,ADAGRAD,3,10,MULTILAYER Experiment ,1443.15
32.85,2025-07-27 10:36:46,Windows-11-10.0.26100-SP0,3.12.6,"AMD64 Family 26 Model 68 Stepping 0, AuthenticAMD",12,24,61.6,41.52,931.4,DESKTOP-JA3B0L7,True,GPU,2025-07-27 10:36:46,1,NVIDIA GeForce RTX 5070 Ti,15.92,1.75,0.0,1.75,0.0,0.0,ADAGRAD,4,10,MULTILAYER Experiment ,1443.15
33.3,2025-07-27 10:37:18,Windows-11-10.0.26100-SP0,3.12.6,"AMD64 Family 26 Model 68 Stepping 0, AuthenticAMD",12,24,61.6,41.39,931.4,DESKTOP-JA3B0L7,True,GPU,2025-07-27 10:37:18,1,NVIDIA GeForce RTX 5070 Ti,15.92,1.75,0.0,1.75,0.0,0.0,NOVOGRAD,0,10,MULTILAYER Experiment ,1443.15
33.18,2025-07-27 10:37:52,Windows-11-10.0.26100-SP0,3.12.6,"AMD64 Family 26 Model 68 Stepping 0, AuthenticAMD",12,24,61.6,41.63,931.4,DESKTOP-JA3B0L7,True,GPU,2025-07-27 10:37:52,1,NVIDIA GeForce RTX 5070 Ti,15.92,1.75,0.0,1.75,0.0,0.0,NOVOGRAD,1,10,MULTILAYER Experiment ,1443.15
33.92,2025-07-27 10:38:25,Windows-11-10.0.26100-SP0,3.12.6,"AMD64 Family 26 Model 68 Stepping 0, AuthenticAMD",12,24,61.6,41.51,931.4,DESKTOP-JA3B0L7,True,GPU,2025-07-27 10:38:25,1,NVIDIA GeForce RTX 5070 Ti,15.92,1.75,0.0,1.75,0.0,0.0,NOVOGRAD,2,10,MULTILAYER Experiment ,1443.15
33.13,2025-07-27 10:38:59,Windows-11-10.0.26100-SP0,3.12.6,"AMD64 Family 26 Model 68 Stepping 0, AuthenticAMD",12,24,61.6,41.32,931.4,DESKTOP-JA3B0L7,True,GPU,2025-07-27 10:38:59,1,NVIDIA GeForce RTX 5070 Ti,15.92,1.75,0.0,1.75,0.0,0.0,NOVOGRAD,3,10,MULTILAYER Experiment ,1443.15
33.53,2025-07-27 10:39:32,Windows-11-10.0.26100-SP0,3.12.6,"AMD64 Family 26 Model 68 Stepping 0, AuthenticAMD",12,24,61.6,41.59,931.4,DESKTOP-JA3B0L7,True,GPU,2025-07-27 10:39:32,1,NVIDIA GeForce RTX 5070 Ti,15.92,1.75,0.0,1.75,0.0,0.0,NOVOGRAD,4,10,MULTILAYER Experiment ,1443.15
